{
  "project_info": {
    "project_number": "393559693850",
    "project_id": "parchapp-da312",
    "storage_bucket": "parchapp-da312.appspot.com"
  },
  "client": [
    {
      "client_info": {
        "mobilesdk_app_id": "1:393559693850:android:2c8acaaab18cfa85dfcfa3",
        "android_client_info": {
          "package_name": "com.example.travelappui"
        }
      },
      "oauth_client": [
        {
          "client_id": "393559693850-jrujl9oekh8j8s3m6n12kadff0kfbo9h.apps.googleusercontent.com",
          "client_type": 3
        }
      ],
      "api_key": [
        {
          "current_key": "AIzaSyDy8WX68P5ECIYAoidh789zmQN2vu4e_Aw"
        }
      ],
      "services": {
        "appinvite_service": {
          "other_platform_oauth_client": [
            {
              "client_id": "393559693850-jrujl9oekh8j8s3m6n12kadff0kfbo9h.apps.googleusercontent.com",
              "client_type": 3
            }
          ]
        }
      }
    }
  ],
  "configuration_version": "1"
}